<?xml version="1.0" encoding="utf-8"?>
<?xml-stylesheet type='text/xsl' href='ConversionLogFile.xsl'?>
<LogFile projectName="81367009_FTP_S7_1X00_PROJ_V3_4_V15" typeText="Type" messageText="Message" timeText="Time">
  <MessageCell ServiceId="80" MessageId="30" MessageClass="Information" Timestamp="4/12/2018 3:12:51 PM">
    <Number ServiceNumber="80" MessageNumber="30" />
    <Text FeedbackText="Upgrade started" />
    <Help HelpId="-1" />
  </MessageCell>
  <MessageCell ServiceId="80" MessageId="30" MessageClass="Information" Timestamp="4/12/2018 3:12:51 PM">
    <Number ServiceNumber="80" MessageNumber="30" />
    <Text FeedbackText="Reading information from previous project/library." />
    <Help HelpId="-1" />
  </MessageCell>
  <MessageCell ServiceId="80" MessageId="30" MessageClass="Information" Timestamp="4/12/2018 3:12:51 PM">
    <Number ServiceNumber="80" MessageNumber="30" />
    <Text FeedbackText="Importing data into the new project/library." />
    <Help HelpId="-1" />
  </MessageCell>
  <MessageCell ServiceId="80" MessageId="30" MessageClass="Information" Timestamp="4/12/2018 3:13:01 PM">
    <Number ServiceNumber="80" MessageNumber="30" />
    <Text FeedbackText="Updating new project/library." />
    <Help HelpId="-1" />
  </MessageCell>
  <MessageCell ServiceId="80" MessageId="30" MessageClass="Information" Timestamp="4/12/2018 3:13:04 PM">
    <Number ServiceNumber="80" MessageNumber="30" />
    <Text FeedbackText="Updating new project/library." />
    <Help HelpId="-1" />
  </MessageCell>
  <MessageCell ServiceId="80" MessageId="30" MessageClass="Information" Timestamp="4/12/2018 3:13:35 PM">
    <Number ServiceNumber="80" MessageNumber="30" />
    <Text FeedbackText="Updating new project/library." />
    <Help HelpId="-1" />
  </MessageCell>
  <MessageCell ServiceId="80" MessageId="30" MessageClass="Information" Timestamp="4/12/2018 3:13:35 PM">
    <Number ServiceNumber="80" MessageNumber="30" />
    <Text FeedbackText="The cross-reference information is being converted." />
    <Help HelpId="-1" />
  </MessageCell>
  <MessageCell ServiceId="80" MessageId="30" MessageClass="Information" Timestamp="4/12/2018 3:13:35 PM">
    <Number ServiceNumber="80" MessageNumber="30" />
    <Text FeedbackText="The cross-reference information was created successfully." />
    <Help HelpId="-1" />
  </MessageCell>
  <MessageCell ServiceId="80" MessageId="30" MessageClass="Information" Timestamp="4/12/2018 3:13:35 PM">
    <Number ServiceNumber="80" MessageNumber="30" />
    <Text FeedbackText="Conversion of the cross-reference information is finished." />
    <Help HelpId="-1" />
  </MessageCell>
  <MessageCell ServiceId="80" MessageId="30" MessageClass="Information" Timestamp="4/12/2018 3:13:35 PM">
    <Number ServiceNumber="80" MessageNumber="30" />
    <Text FeedbackText="Cleaning up outdated metadata." />
    <Help HelpId="-1" />
  </MessageCell>
  <Details ServiceId="80" MessageId="30" Timestamp="4/12/2018 3:13:38 PM" Debug="false">
    <Text>Meta Package 'Siemens.Simatic.HwConfiguration.IndustrialRc.Model' was deleted</Text>
  </Details>
  <Details ServiceId="80" MessageId="30" Timestamp="4/12/2018 3:13:38 PM" Debug="false">
    <Text>Package container 'HW.S71500.CPU.CPU_1516_3_PN+DP.MDD_6ES7_516_3FN01_0AB0_2.1_14.0.10' was deleted</Text>
  </Details>
  <Details ServiceId="80" MessageId="30" Timestamp="4/12/2018 3:13:38 PM" Debug="false">
    <Text>Package container 'HW.S71200.CP.Ethernet.MDD_6GK7242_7KX31_0XE0_3.0_14.0.10' was deleted</Text>
  </Details>
  <Details ServiceId="80" MessageId="30" Timestamp="4/12/2018 3:13:38 PM" Debug="false">
    <Text>Package container 'HW.S71500.CPU.CPU_1511C_1_PN.MDD_6ES7511-1CK00-0AB0_2.0_14.0.0' was deleted</Text>
  </Details>
  <Details ServiceId="80" MessageId="30" Timestamp="4/12/2018 3:13:38 PM" Debug="false">
    <Text>Package container 'HW.S71500.CPU.CPU_1511C_1_PN.MDD_6ES7511-1CK00-0AB0_2.1_14.0.10' was deleted</Text>
  </Details>
  <Details ServiceId="80" MessageId="30" Timestamp="4/12/2018 3:13:38 PM" Debug="false">
    <Text>Package container 'HW.S71500.CPU.CPU_1513_1_PN.MDD_6ES7513-1AL01-0AB0_2.1_14.0.10' was deleted</Text>
  </Details>
  <Details ServiceId="80" MessageId="30" Timestamp="4/12/2018 3:13:38 PM" Debug="false">
    <Text>Package container 'HW.S71500.CPU.CPU_1516_3_PN+DP.MDD_6ES7_516_3AN00_0AB0_1.8_14.0.0' was deleted</Text>
  </Details>
  <Details ServiceId="80" MessageId="30" Timestamp="4/12/2018 3:13:38 PM" Debug="false">
    <Text>Package container 'HW.S71500.CPU.CPU_1518_4_PN+DP.MDD_6ES7_518_4FP00_0AB0_2.1_14.0.10' was deleted</Text>
  </Details>
  <Details ServiceId="80" MessageId="30" Timestamp="4/12/2018 3:13:38 PM" Debug="false">
    <Text>Package container 'HW.S71500.RACK.MDD_6ES5xx-xxxxx-xxxx_1.0_14.0.10' was deleted</Text>
  </Details>
  <Details ServiceId="80" MessageId="30" Timestamp="4/12/2018 3:13:38 PM" Debug="false">
    <Text>Package container 'HW.S71500.CPU.CPU_1518_4_PN+DP.MDD_6ES7_518_4AP00_0AB0_2.1_14.0.10' was deleted</Text>
  </Details>
  <Details ServiceId="80" MessageId="30" Timestamp="4/12/2018 3:13:38 PM" Debug="false">
    <Text>Package container 'HW.S71500.CPU.CPU_1511_1_PN.MDD_6ES7511-1AK00-0AB0_1.0_14.0.0' was deleted</Text>
  </Details>
  <Details ServiceId="80" MessageId="30" Timestamp="4/12/2018 3:13:38 PM" Debug="false">
    <Text>Package container 'Siemens.Simatic.Lang.S7BSW.V14.0.0.0.NonMandatory' was deleted</Text>
  </Details>
  <Details ServiceId="80" MessageId="30" Timestamp="4/12/2018 3:13:38 PM" Debug="false">
    <Text>Package container 'HW.S71200.CPU.V4.CPU_1217C.MDD_6ES7217-1AG40-0XB0_4.2_14.0.0' was deleted</Text>
  </Details>
  <Details ServiceId="80" MessageId="30" Timestamp="4/12/2018 3:13:38 PM" Debug="false">
    <Text>Package container 'HW.DesktopPC.CP.MDD_PC-Desktop-Ie-1Port_14.0.0' was deleted</Text>
  </Details>
  <Details ServiceId="80" MessageId="30" Timestamp="4/12/2018 3:13:38 PM" Debug="false">
    <Text>Package container 'HW.PC.RACK.MDD_PC-Rack_1.0_14.0.0' was deleted</Text>
  </Details>
  <Details ServiceId="80" MessageId="30" Timestamp="4/12/2018 3:13:38 PM" Debug="false">
    <Text>Package container 'HW.PC.StationManager.MDD_PC-Station-Manager_1.1_14.0.0' was deleted</Text>
  </Details>
  <Details ServiceId="80" MessageId="30" Timestamp="4/12/2018 3:13:38 PM" Debug="false">
    <Text>Package container 'HW.PC.DEVICE.MDD_PC-Device_1.0_14.0.0' was deleted</Text>
  </Details>
  <Details ServiceId="80" MessageId="30" Timestamp="4/12/2018 3:13:38 PM" Debug="false">
    <Text>Package container 'HW.S71500.CP.Submodules.IE.Interface.MDD_6GK7543-1AX00-0XE0-IE-Interface_1.1_14.0.0' was deleted</Text>
  </Details>
  <Details ServiceId="80" MessageId="30" Timestamp="4/12/2018 3:13:38 PM" Debug="false">
    <Text>Package container 'HW.S71500.CP.Ethernet.Modules.MDD_6GK7543-1AX00-0XE0_1.1_14.0.0' was deleted</Text>
  </Details>
  <Details ServiceId="80" MessageId="30" Timestamp="4/12/2018 3:13:38 PM" Debug="false">
    <Text>Package container 'HW.S71500.CP.Ethernet.Modules.MDD_6GK7543-1AX00-0XE0_2.0_14.0.0' was deleted</Text>
  </Details>
  <Details ServiceId="80" MessageId="30" Timestamp="4/12/2018 3:13:38 PM" Debug="false">
    <Text>Package container 'HW.S71500.CP.Submodules.IE.Interface.MDD_6GK7543-1AX00-0XE0-IE-Interface_2.0_14.0.0' was deleted</Text>
  </Details>
  <Details ServiceId="80" MessageId="30" Timestamp="4/12/2018 3:13:38 PM" Debug="false">
    <Text>Package container 'HW.S71500.CPU.CPU_1513_1_PN.MDD_6ES7513-1AL01-0AB0_2.0_14.0.0' was deleted</Text>
  </Details>
  <Details ServiceId="80" MessageId="30" Timestamp="4/12/2018 3:13:38 PM" Debug="false">
    <Text>Package container 'HW.S71500.CPU.CPU_1516_3_PN+DP.MDD_6ES7_516_3AN01_0AB0_2.0_14.0.0' was deleted</Text>
  </Details>
  <Details ServiceId="80" MessageId="30" Timestamp="4/12/2018 3:13:38 PM" Debug="false">
    <Text>Package container 'HW.Connections' was deleted</Text>
  </Details>
  <Details ServiceId="80" MessageId="30" Timestamp="4/12/2018 3:13:38 PM" Debug="false">
    <Text>Package container 'Siemens.Simatic.Lang.S7PSW.V14.0.0.0.NonMandatory' was deleted</Text>
  </Details>
  <Details ServiceId="80" MessageId="30" Timestamp="4/12/2018 3:13:38 PM" Debug="false">
    <Text>Product version 'Siemens.Simatic.Hmi.Comfort:14.00.01.00' was deleted</Text>
  </Details>
  <Details ServiceId="80" MessageId="30" Timestamp="4/12/2018 3:13:38 PM" Debug="false">
    <Text>Product version 'Siemens.Simatic.STEP7.SinemaEBasic:14.00.01.00' was deleted</Text>
  </Details>
  <Details ServiceId="80" MessageId="30" Timestamp="4/12/2018 3:13:38 PM" Debug="false">
    <Text>Product version 'Siemens.Simatic.STEP7.Professional:14.00.01.00' was deleted</Text>
  </Details>
  <Details ServiceId="80" MessageId="30" Timestamp="4/12/2018 3:13:38 PM" Debug="false">
    <Text>Product version 'Siemens.Simatic.Hmi.Basic:14.00.01.00' was deleted</Text>
  </Details>
  <Details ServiceId="80" MessageId="30" Timestamp="4/12/2018 3:13:38 PM" Debug="false">
    <Text>Product version 'Siemens.Simatic.STEP7.Basic:14.00.01.00' was deleted</Text>
  </Details>
  <MessageCell ServiceId="80" MessageId="30" MessageClass="Information" Timestamp="4/12/2018 3:13:38 PM">
    <Number ServiceNumber="80" MessageNumber="30" />
    <Text FeedbackText="Saving the upgraded project/library." />
    <Help HelpId="-1" />
  </MessageCell>
  <MessageCell ServiceId="80" MessageId="30" MessageClass="Information" Timestamp="4/12/2018 3:13:39 PM">
    <Number ServiceNumber="80" MessageNumber="30" />
    <Text FeedbackText="Saving the upgraded project/library." />
    <Help HelpId="-1" />
  </MessageCell>
  <MessageCell ServiceId="Automation-ObjectFrame-Feedbacks" MessageId="ConversionInfoTabProjectSucceeded" MessageClass="Success" Timestamp="4/12/2018 3:13:39 PM">
    <Number ServiceNumber="80" MessageNumber="34" />
    <Text FeedbackText="Project 'C:\Users\Administrator\Desktop\81367009_FTP_S7_1X00_PROJ_V3_4\System\PEData.plf' was successfully upgraded and saved as project 'C:\Users\Administrator\Desktop\81367009_FTP_S7_1X00_PROJ_V3_4_V15\System\PEData.plf'." />
    <Help HelpId="-1" HelpFile="" />
  </MessageCell>
</LogFile>