<?xml version="1.0" encoding="utf-8"?>
<?xml-stylesheet type='text/xsl' href='ConversionLogFile.xsl'?>
<LogFile projectName="81367009_FTP_S7_1X00_PROJ_V3_4_V15_V15.1" typeText="Type" messageText="Message" timeText="Time">
  <MessageCell ServiceId="80" MessageId="30" MessageClass="Information" Timestamp="11/14/2018 11:47:13 AM">
    <Number ServiceNumber="80" MessageNumber="30" />
    <Text FeedbackText="Upgrade started" />
    <Help HelpId="-1" />
  </MessageCell>
  <Details ServiceId="80" MessageId="30" Timestamp="11/14/2018 11:47:17 AM" Debug="false">
    <Text>Reorganization succeed!</Text>
  </Details>
  <MessageCell ServiceId="80" MessageId="30" MessageClass="Information" Timestamp="11/14/2018 11:47:18 AM">
    <Number ServiceNumber="80" MessageNumber="30" />
    <Text FeedbackText="CheckRepair lost+found objects" />
    <Help HelpId="-1" />
  </MessageCell>
  <Details ServiceId="80" MessageId="30" Timestamp="11/14/2018 11:47:18 AM" Debug="false">
    <Text>No error is detected.</Text>
  </Details>
  <MessageCell ServiceId="80" MessageId="30" MessageClass="Information" Timestamp="11/14/2018 11:47:19 AM">
    <Number ServiceNumber="80" MessageNumber="30" />
    <Text FeedbackText="CheckRepair missing bidirectional links" />
    <Help HelpId="-1" />
  </MessageCell>
  <Details ServiceId="80" MessageId="30" Timestamp="11/14/2018 11:47:19 AM" Debug="false">
    <Text>No error is detected.</Text>
  </Details>
  <MessageCell ServiceId="80" MessageId="30" MessageClass="Information" Timestamp="11/14/2018 11:48:23 AM">
    <Number ServiceNumber="80" MessageNumber="30" />
    <Text FeedbackText="Starting conversion of UMAC data." />
    <Help HelpId="-1" />
  </MessageCell>
  <MessageCell ServiceId="80" MessageId="30" MessageClass="Information" Timestamp="11/14/2018 11:48:23 AM">
    <Number ServiceNumber="80" MessageNumber="30" />
    <Text FeedbackText="Conversion of UMAC data is finished." />
    <Help HelpId="-1" />
  </MessageCell>
  <MessageCell ServiceId="80" MessageId="30" MessageClass="Information" Timestamp="11/14/2018 11:48:23 AM">
    <Number ServiceNumber="80" MessageNumber="30" />
    <Text FeedbackText="Starting conversion of user and roles configuration data." />
    <Help HelpId="-1" />
  </MessageCell>
  <MessageCell ServiceId="80" MessageId="30" MessageClass="Information" Timestamp="11/14/2018 11:48:23 AM">
    <Number ServiceNumber="80" MessageNumber="30" />
    <Text FeedbackText="User with the required engineering right &quot;Manage users and roles&quot; has logged in." />
    <Help HelpId="-1" />
  </MessageCell>
  <MessageCell ServiceId="80" MessageId="30" MessageClass="Information" Timestamp="11/14/2018 11:48:23 AM">
    <Number ServiceNumber="80" MessageNumber="30" />
    <Text FeedbackText="Conversion of user and roles configuration is finished." />
    <Help HelpId="-1" />
  </MessageCell>
  <MessageCell ServiceId="80" MessageId="30" MessageClass="Information" Timestamp="11/14/2018 11:48:23 AM">
    <Number ServiceNumber="80" MessageNumber="30" />
    <Text FeedbackText="Conversion of SiVArc data finished" />
    <Help HelpId="-1" />
  </MessageCell>
  <Details ServiceId="80" MessageId="30" Timestamp="11/14/2018 11:48:37 AM" Debug="false">
    <Text>Not invalidating fingerprints for protected object: TCON[SFB109]</Text>
  </Details>
  <Details ServiceId="80" MessageId="30" Timestamp="11/14/2018 11:48:37 AM" Debug="false">
    <Text>Not invalidating fingerprints for protected object: TRCV[SFB151]</Text>
  </Details>
  <Details ServiceId="80" MessageId="30" Timestamp="11/14/2018 11:48:37 AM" Debug="false">
    <Text>Not invalidating fingerprints for protected object: Strg_TO_Chars_SFC[SFC221]</Text>
  </Details>
  <Details ServiceId="80" MessageId="30" Timestamp="11/14/2018 11:48:37 AM" Debug="false">
    <Text>Not invalidating fingerprints for protected object: STRG_UI_SFC[SFC201]</Text>
  </Details>
  <Details ServiceId="80" MessageId="30" Timestamp="11/14/2018 11:48:37 AM" Debug="false">
    <Text>Not invalidating fingerprints for protected object: TCON[SFB109]</Text>
  </Details>
  <Details ServiceId="80" MessageId="30" Timestamp="11/14/2018 11:48:37 AM" Debug="false">
    <Text>Not invalidating fingerprints for protected object: Chars_TO_Strg_SFC[SFC222]</Text>
  </Details>
  <Details ServiceId="80" MessageId="30" Timestamp="11/14/2018 11:48:37 AM" Debug="false">
    <Text>Not invalidating fingerprints for protected object: TSEND[SFB150]</Text>
  </Details>
  <Details ServiceId="80" MessageId="30" Timestamp="11/14/2018 11:48:37 AM" Debug="false">
    <Text>Not invalidating fingerprints for protected object: MOVE_BLK_VARIANT[FC900]</Text>
  </Details>
  <Details ServiceId="80" MessageId="30" Timestamp="11/14/2018 11:48:37 AM" Debug="false">
    <Text>Not invalidating fingerprints for protected object: STRG_I_SFC[SFC205]</Text>
  </Details>
  <Details ServiceId="80" MessageId="30" Timestamp="11/14/2018 11:48:37 AM" Debug="false">
    <Text>Not invalidating fingerprints for protected object: STRG_I_SFC[SFC205]</Text>
  </Details>
  <Details ServiceId="80" MessageId="30" Timestamp="11/14/2018 11:48:37 AM" Debug="false">
    <Text>Not invalidating fingerprints for protected object: T_DISCON[SFB103]</Text>
  </Details>
  <Details ServiceId="80" MessageId="30" Timestamp="11/14/2018 11:48:37 AM" Debug="false">
    <Text>Not invalidating fingerprints for protected object: UI_STRG_SFC[SFC211]</Text>
  </Details>
  <Details ServiceId="80" MessageId="30" Timestamp="11/14/2018 11:48:37 AM" Debug="false">
    <Text>Not invalidating fingerprints for protected object: Chars_TO_Strg_SFC[SFC222]</Text>
  </Details>
  <Details ServiceId="80" MessageId="30" Timestamp="11/14/2018 11:48:37 AM" Debug="false">
    <Text>Not invalidating fingerprints for protected object: MOVE_BLK_VARIANT[FC900]</Text>
  </Details>
  <Details ServiceId="80" MessageId="30" Timestamp="11/14/2018 11:48:37 AM" Debug="false">
    <Text>Not invalidating fingerprints for protected object: RDLT_DTL_SFC[SFC154]</Text>
  </Details>
  <Details ServiceId="80" MessageId="30" Timestamp="11/14/2018 11:48:37 AM" Debug="false">
    <Text>Not invalidating fingerprints for protected object: Strg_TO_Chars_SFC[SFC221]</Text>
  </Details>
  <Details ServiceId="80" MessageId="30" Timestamp="11/14/2018 11:48:37 AM" Debug="false">
    <Text>Not invalidating fingerprints for protected object: RDREC_SFB[SFB52]</Text>
  </Details>
  <Details ServiceId="80" MessageId="30" Timestamp="11/14/2018 11:48:37 AM" Debug="false">
    <Text>Not invalidating fingerprints for protected object: STRG_UI_SFC[SFC201]</Text>
  </Details>
  <Details ServiceId="80" MessageId="30" Timestamp="11/14/2018 11:48:37 AM" Debug="false">
    <Text>Not invalidating fingerprints for protected object: RDLT_DTL_SFC[SFC154]</Text>
  </Details>
  <Details ServiceId="80" MessageId="30" Timestamp="11/14/2018 11:48:37 AM" Debug="false">
    <Text>Not invalidating fingerprints for protected object: R_TRIG[FB1001]</Text>
  </Details>
  <Details ServiceId="80" MessageId="30" Timestamp="11/14/2018 11:48:37 AM" Debug="false">
    <Text>Not invalidating fingerprints for protected object: UI_STRG_SFC[SFC211]</Text>
  </Details>
  <Details ServiceId="80" MessageId="30" Timestamp="11/14/2018 11:48:37 AM" Debug="false">
    <Text>Not invalidating fingerprints for protected object: R_TRIG[FB1001]</Text>
  </Details>
  <Details ServiceId="80" MessageId="30" Timestamp="11/14/2018 11:48:37 AM" Debug="false">
    <Text>Not invalidating fingerprints for protected object: RDREC_SFB[SFB52]</Text>
  </Details>
  <Details ServiceId="80" MessageId="30" Timestamp="11/14/2018 11:48:37 AM" Debug="false">
    <Text>Not invalidating fingerprints for protected object: T_DISCON[SFB103]</Text>
  </Details>
  <Details ServiceId="80" MessageId="30" Timestamp="11/14/2018 11:48:37 AM" Debug="false">
    <Text>Not invalidating fingerprints for protected object: TRCV[SFB151]</Text>
  </Details>
  <Details ServiceId="80" MessageId="30" Timestamp="11/14/2018 11:48:37 AM" Debug="false">
    <Text>Not invalidating fingerprints for protected object: TSEND[SFB150]</Text>
  </Details>
  <Details ServiceId="80" MessageId="30" Timestamp="11/14/2018 11:48:37 AM" Debug="false">
    <Text>Not invalidating fingerprints for protected object: SERIALIZE[FC890]</Text>
  </Details>
  <Details ServiceId="80" MessageId="30" Timestamp="11/14/2018 11:48:37 AM" Debug="false">
    <Text>Not invalidating fingerprints for protected object: RDLT_DT_SFC[SFC152]</Text>
  </Details>
  <MessageCell ServiceId="80" MessageId="30" MessageClass="Information" Timestamp="11/14/2018 11:48:45 AM">
    <Number ServiceNumber="80" MessageNumber="30" />
    <Text FeedbackText="The cross-reference information is being converted." />
    <Help HelpId="-1" />
  </MessageCell>
  <MessageCell ServiceId="80" MessageId="30" MessageClass="Information" Timestamp="11/14/2018 11:48:45 AM">
    <Number ServiceNumber="80" MessageNumber="30" />
    <Text FeedbackText="The cross-reference information was created successfully." />
    <Help HelpId="-1" />
  </MessageCell>
  <MessageCell ServiceId="80" MessageId="30" MessageClass="Information" Timestamp="11/14/2018 11:48:45 AM">
    <Number ServiceNumber="80" MessageNumber="30" />
    <Text FeedbackText="Conversion of the cross-reference information is finished." />
    <Help HelpId="-1" />
  </MessageCell>
  <Details ServiceId="80" MessageId="30" Timestamp="11/14/2018 11:48:48 AM" Debug="false">
    <Text>Package container 'HW.S71500.CPU.CPU_1516_3_PN+DP.MDD_6ES7_516_3FN01_0AB0_2.5_15.0.0' was deleted</Text>
  </Details>
  <Details ServiceId="80" MessageId="30" Timestamp="11/14/2018 11:48:48 AM" Debug="false">
    <Text>Package container 'Siemens.Simatic.Lang.S7BSW.V15.0.0.0.NonMandatory' was deleted</Text>
  </Details>
  <Details ServiceId="80" MessageId="30" Timestamp="11/14/2018 11:48:48 AM" Debug="false">
    <Text>Package container 'Siemens.Simatic.Lang.S7PSW.V15.0.0.0.NonMandatory' was deleted</Text>
  </Details>
  <Details ServiceId="80" MessageId="30" Timestamp="11/14/2018 11:48:48 AM" Debug="false">
    <Text>Package container 'HW.S71500.CPU.CPU_1516_3_PN+DP.MDD_6ES7_516_3FN01_0AB0_2.0_14.0.0' was deleted</Text>
  </Details>
  <Details ServiceId="80" MessageId="30" Timestamp="11/14/2018 11:48:48 AM" Debug="false">
    <Text>Package container 'HW.S71500.RACK.MDD_6ES5xx-xxxxx-xxxx_1.0_14.0.0' was deleted</Text>
  </Details>
  <Details ServiceId="80" MessageId="30" Timestamp="11/14/2018 11:48:48 AM" Debug="false">
    <Text>Product version 'Siemens.Simatic.STEP7.Professional:14.00.00.00' was deleted</Text>
  </Details>
  <Details ServiceId="80" MessageId="30" Timestamp="11/14/2018 11:48:48 AM" Debug="false">
    <Text>Product version 'Siemens.Simatic.Hmi.Comfort:14.00.00.00' was deleted</Text>
  </Details>
  <MessageCell ServiceId="Automation-ObjectFrame-Feedbacks" MessageId="ConversionInfoTabProjectSucceeded" MessageClass="Success" Timestamp="11/14/2018 11:48:50 AM">
    <Number ServiceNumber="80" MessageNumber="34" />
    <Text FeedbackText="Project 'G:\Job\V15\81367009\81367009_FTP_S7_1X00_PROJ_V3_4_V15.job\81367009_FTP_S7_1X00_PROJ_V3_4_V15\System\PEData.plf' was successfully upgraded and saved as project 'G:\Job\V15\81367009\81367009_FTP_S7_1X00_PROJ_V3_4_V15.job\81367009_FTP_S7_1X00_PROJ_V3_4_V15_V15.1\System\PEData.plf'." />
    <Help HelpId="-1" HelpFile="" />
  </MessageCell>
</LogFile>