<?xml version="1.0" encoding="utf-8"?>
<?xml-stylesheet type='text/xsl' href='ConversionLogFile.xsl'?>
<LogFile projectName="81367009_FTP_S7_1X00_PROJ_V50_V17" typeText="Typ" messageText="Meldung" timeText="Zeit">
  <MessageCell ServiceId="80" MessageId="30" MessageClass="Information" Timestamp="17.01.2022 08:34:38">
    <Number ServiceNumber="80" MessageNumber="30" />
    <Text FeedbackText="Hochrüsten gestartet" />
    <Help HelpId="-1" />
  </MessageCell>
  <Details ServiceId="80" MessageId="30" Timestamp="17.01.2022 08:34:40" Debug="false">
    <Text>Reorganization succeed!</Text>
  </Details>
  <MessageCell ServiceId="80" MessageId="30" MessageClass="Information" Timestamp="17.01.2022 08:34:40">
    <Number ServiceNumber="80" MessageNumber="30" />
    <Text FeedbackText="CheckRepair lost+found objects" />
    <Help HelpId="-1" />
  </MessageCell>
  <Details ServiceId="80" MessageId="30" Timestamp="17.01.2022 08:34:40" Debug="false">
    <Text>No error is detected.</Text>
  </Details>
  <MessageCell ServiceId="80" MessageId="30" MessageClass="Information" Timestamp="17.01.2022 08:34:40">
    <Number ServiceNumber="80" MessageNumber="30" />
    <Text FeedbackText="CheckRepair missing bidirectional links" />
    <Help HelpId="-1" />
  </MessageCell>
  <Details ServiceId="80" MessageId="30" Timestamp="17.01.2022 08:34:41" Debug="false">
    <Text>No error is detected.</Text>
  </Details>
  <MessageCell ServiceId="80" MessageId="30" MessageClass="Information" Timestamp="17.01.2022 08:34:41">
    <Number ServiceNumber="80" MessageNumber="30" />
    <Text FeedbackText="CheckRepair clear segment flags" />
    <Help HelpId="-1" />
  </MessageCell>
  <Details ServiceId="80" MessageId="30" Timestamp="17.01.2022 08:34:41" Debug="false">
    <Text>No error is detected.</Text>
  </Details>
  <MessageCell ServiceId="80" MessageId="30" MessageClass="Information" Timestamp="17.01.2022 08:34:48">
    <Number ServiceNumber="80" MessageNumber="30" />
    <Text FeedbackText="Ein Benutzer mit dem erforderllichen Engineering-Recht &quot;ERROR: ResourceID 'ProjectManager.UpgradeProject' not found in resource of type Siemens.Automation.Umac.Resources.AccessControl.Administration.EngineeringRightsResources&quot; hat sich angemeldet." />
    <Help HelpId="-1" />
  </MessageCell>
  <MessageCell ServiceId="80" MessageId="30" MessageClass="Information" Timestamp="17.01.2022 08:34:48">
    <Number ServiceNumber="80" MessageNumber="30" />
    <Text FeedbackText="Starting removal of system role assignments compatibility from system device function rights" />
    <Help HelpId="-1" />
  </MessageCell>
  <MessageCell ServiceId="80" MessageId="30" MessageClass="Information" Timestamp="17.01.2022 08:34:48">
    <Number ServiceNumber="80" MessageNumber="30" />
    <Text FeedbackText="Finished removal of system role assignments compatibility from system device function rights" />
    <Help HelpId="-1" />
  </MessageCell>
  <MessageCell ServiceId="80" MessageId="30" MessageClass="Information" Timestamp="17.01.2022 08:34:48">
    <Number ServiceNumber="80" MessageNumber="30" />
    <Text FeedbackText="Veraltete Systemrollen werden entfernt." />
    <Help HelpId="-1" />
  </MessageCell>
  <MessageCell ServiceId="80" MessageId="30" MessageClass="Information" Timestamp="17.01.2022 08:34:48">
    <Number ServiceNumber="80" MessageNumber="30" />
    <Text FeedbackText="Das Entfernen veralteter Systemrollen wurde beendet." />
    <Help HelpId="-1" />
  </MessageCell>
  <MessageCell ServiceId="80" MessageId="30" MessageClass="Information" Timestamp="17.01.2022 08:34:48">
    <Number ServiceNumber="80" MessageNumber="30" />
    <Text FeedbackText="Starting change link between DFR and DFRSet" />
    <Help HelpId="-1" />
  </MessageCell>
  <MessageCell ServiceId="80" MessageId="30" MessageClass="Information" Timestamp="17.01.2022 08:34:48">
    <Number ServiceNumber="80" MessageNumber="30" />
    <Text FeedbackText="Finished change link between DFR and DFRSet" />
    <Help HelpId="-1" />
  </MessageCell>
  <MessageCell ServiceId="80" MessageId="30" MessageClass="Information" Timestamp="17.01.2022 08:34:49">
    <Number ServiceNumber="80" MessageNumber="30" />
    <Text FeedbackText="Konvertieren der SiVArc-Daten beendet" />
    <Help HelpId="-1" />
  </MessageCell>
  <MessageCell ServiceId="80" MessageId="30" MessageClass="Warning" Timestamp="17.01.2022 08:34:53">
    <Number ServiceNumber="80" MessageNumber="30" />
    <Text FeedbackText="Projektelement: '\PLC_1\ProgramBlocksFolder\Main' - Prüfsummeninkonsistenz für 'General; Event'." />
    <Help HelpId="-1" />
  </MessageCell>
  <MessageCell ServiceId="80" MessageId="30" MessageClass="Warning" Timestamp="17.01.2022 08:34:53">
    <Number ServiceNumber="80" MessageNumber="30" />
    <Text FeedbackText="Projektelement: '\PLC_2\ProgramBlocksFolder\Main' - Prüfsummeninkonsistenz für 'General; Event'." />
    <Help HelpId="-1" />
  </MessageCell>
  <MessageCell ServiceId="80" MessageId="30" MessageClass="Warning" Timestamp="17.01.2022 08:34:53">
    <Number ServiceNumber="80" MessageNumber="30" />
    <Text FeedbackText="Projektelement: '\PLC_2\ProgramBlocksFolder\Ftp1X00Cmd' - Prüfsummeninkonsistenz für 'General'." />
    <Help HelpId="-1" />
  </MessageCell>
  <MessageCell ServiceId="80" MessageId="30" MessageClass="Warning" Timestamp="17.01.2022 08:34:53">
    <Number ServiceNumber="80" MessageNumber="30" />
    <Text FeedbackText="Projektelement: '\PLC_1\ProgramBlocksFolder\Ftp1X00Cmd' - Prüfsummeninkonsistenz für 'General'." />
    <Help HelpId="-1" />
  </MessageCell>
  <MessageCell ServiceId="80" MessageId="30" MessageClass="Warning" Timestamp="17.01.2022 08:34:53">
    <Number ServiceNumber="80" MessageNumber="30" />
    <Text FeedbackText="Projektelement: '\PLC_1\ProgramBlocksFolder\Instftp1X00CmdDB' - Prüfsummeninkonsistenz für 'General'." />
    <Help HelpId="-1" />
  </MessageCell>
  <MessageCell ServiceId="80" MessageId="30" MessageClass="Warning" Timestamp="17.01.2022 08:34:53">
    <Number ServiceNumber="80" MessageNumber="30" />
    <Text FeedbackText="Projektelement: '\PLC_2\ProgramBlocksFolder\Instftp1X00CmdDB' - Prüfsummeninkonsistenz für 'General'." />
    <Help HelpId="-1" />
  </MessageCell>
  <MessageCell ServiceId="80" MessageId="30" MessageClass="Information" Timestamp="17.01.2022 08:34:55">
    <Number ServiceNumber="80" MessageNumber="30" />
    <Text FeedbackText="Die Querverweisinformationen werden konvertiert." />
    <Help HelpId="-1" />
  </MessageCell>
  <MessageCell ServiceId="80" MessageId="30" MessageClass="Information" Timestamp="17.01.2022 08:34:55">
    <Number ServiceNumber="80" MessageNumber="30" />
    <Text FeedbackText="Die Querverweisinformationen wurden erfolgreich erstellt" />
    <Help HelpId="-1" />
  </MessageCell>
  <MessageCell ServiceId="80" MessageId="30" MessageClass="Information" Timestamp="17.01.2022 08:34:55">
    <Number ServiceNumber="80" MessageNumber="30" />
    <Text FeedbackText="Das Konvertieren der Querverweisinformationen ist beendet." />
    <Help HelpId="-1" />
  </MessageCell>
  <Details ServiceId="80" MessageId="30" Timestamp="17.01.2022 08:34:56" Debug="false">
    <Text>Package container 'Siemens.Simatic.Lang.S7BSW.V16.0.0.0.NonMandatory' was deleted</Text>
  </Details>
  <Details ServiceId="80" MessageId="30" Timestamp="17.01.2022 08:34:56" Debug="false">
    <Text>Package container 'Siemens.Simatic.Lang.S7PSW.V16.0.0.0.NonMandatory' was deleted</Text>
  </Details>
  <Details ServiceId="80" MessageId="30" Timestamp="17.01.2022 08:34:56" Debug="false">
    <Text>Package container 'HW.S71200.CPU.V4.CPU_1214C.MDD_6ES7214-1AG40-0XB0_4.2_14.0.0' was deleted</Text>
  </Details>
  <Details ServiceId="80" MessageId="30" Timestamp="17.01.2022 08:34:56" Debug="false">
    <Text>Product version 'Siemens.Simatic.STEP7.Professional:16.00.00.00' was deleted</Text>
  </Details>
  <MessageCell ServiceId="Automation-ObjectFrame-Feedbacks" MessageId="ConversionInfoTabProjectSucceeded" MessageClass="Success" Timestamp="17.01.2022 08:34:56">
    <Number ServiceNumber="80" MessageNumber="34" />
    <Text FeedbackText="Projekt 'C:\Users\SITRAIN\Documents\FTP\zweiter_Versuch\81367009_FTP_S7_1X00_PROJ_V50\81367009_FTP_S7_1X00_PROJ_V50\System\PEData.plf' wurde erfolgreich hochgerüstet und gespeichert als Projekt 'C:\Users\SITRAIN\Documents\FTP\zweiter_Versuch\81367009_FTP_S7_1X00_PROJ_V50\81367009_FTP_S7_1X00_PROJ_V50_V17\System\PEData.plf'." />
    <Help HelpId="-1" HelpFile="" />
  </MessageCell>
  <MessageCell ServiceId="80" MessageId="30" MessageClass="Information" Timestamp="17.01.2022 08:34:56">
    <Number ServiceNumber="80" MessageNumber="30" />
    <Text FeedbackText="FinalCheckRemainingErrors" />
    <Help HelpId="-1" />
  </MessageCell>
  <Details ServiceId="80" MessageId="30" Timestamp="17.01.2022 08:34:56" Debug="false">
    <Text>No error is detected.</Text>
  </Details>
</LogFile>